Call Number,Unit ID,Incident Number,Call Type,Call Date,Watch Date,Received DtTm,Entry DtTm,Dispatch DtTm,Response DtTm,On Scene DtTm,Transport DtTm,Hospital DtTm,Call Final Disposition,Available DtTm,Address,City,Zipcode of Incident,Battalion,Station Area,Box,Original Priority,Priority,Final Priority,ALS Unit,Call Type Group,Number of Alarms,Unit Type,Unit sequence in call dispatch,Fire Prevention District,Supervisor District,Neighborhooods - Analysis Boundaries,Location,RowID
002820263,B03,00084782,Structure Fire,10/08/2000,10/08/2000,10/08/2000 09:36:52 PM,10/08/2000 09:37:31 PM,10/08/2000 09:38:19 PM,10/08/2000 09:38:55 PM,10/08/2000 09:42:08 PM,,,Other,10/08/2000 09:52:05 PM,1800 Block of VALLEJO ST,SF,94123,B04,38,3334,3,3,3,false,,1,CHIEF,2,4,2,Marina,"(37.7962218075989, -122.427726234307)",002820263-B03
152210843,E03,15084124,Citizen Assist / Service Call,08/09/2015,08/09/2015,08/09/2015 08:14:00 AM,08/09/2015 08:15:31 AM,08/09/2015 08:15:51 AM,08/09/2015 08:18:54 AM,08/09/2015 08:18:54 AM,,,Fire,08/09/2015 08:24:39 AM,1000 Block of SUTTER ST,San Francisco,94109,B04,03,1557,3,3,3,true,Alarm,1,ENGINE,2,4,3,Nob Hill,"(37.7881263034393, -122.417657214041)",152210843-E03
030010387,T18,03000275,Structure Fire,01/01/2003,01/01/2003,01/01/2003 03:01:04 PM,01/01/2003 03:02:19 PM,01/01/2003 03:02:29 PM,01/01/2003 03:04:18 PM,,,,Other,01/01/2003 04:10:01 PM,500 Block of JOHN MUIR DR,SF,94132,B08,19,8714,3,3,3,false,,1,TRUCK,8,8,7,Lakeshore,"(37.714334813698, -122.492047871678)",030010387-T18
170972868,60,17041585,Medical Incident,04/07/2017,04/07/2017,04/07/2017 04:35:50 PM,04/07/2017 04:35:50 PM,04/07/2017 04:41:20 PM,04/07/2017 04:41:24 PM,,,,Cancelled,04/07/2017 04:55:37 PM,800 Block of MARKET ST,San Francisco,94103,B03,01,2212,2,2,2,true,Non Life-threatening,1,MEDIC,2,3,6,South of Market,"(37.7850811742657, -122.406497767804)",170972868-60
093350285,E01,09101455,Medical Incident,12/01/2009,12/01/2009,12/01/2009 05:16:21 PM,12/01/2009 05:17:34 PM,12/01/2009 05:18:17 PM,,,,,Other,12/01/2009 05:22:37 PM,0 Block of MINT PLZ,SF,94103,B03,01,2246,3,3,3,true,,1,ENGINE,2,3,6,South of Market,"(37.7826425026927, -122.407832679288)",093350285-E01
083000258,56,08092169,Medical Incident,10/26/2008,10/26/2008,10/26/2008 05:05:35 PM,10/26/2008 05:06:44 PM,10/26/2008 05:07:00 PM,10/26/2008 05:09:19 PM,10/26/2008 05:19:33 PM,,,Patient Declined Transport,10/26/2008 05:38:17 PM,1000 Block of HOWARD ST,SF,94103,B03,01,2314,2,2,2,true,,1,MEDIC,1,3,6,South of Market,"(37.7785992634984, -122.408503211368)",083000258-56
120460234,65,12015337,Traffic Collision,02/15/2012,02/15/2012,02/15/2012 02:57:02 PM,02/15/2012 02:59:16 PM,02/15/2012 02:59:45 PM,02/15/2012 03:00:43 PM,02/15/2012 03:06:03 PM,,,Patient Declined Transport,02/15/2012 03:21:07 PM,4TH ST/HARRISON ST,SF,94107,B03,08,2216,3,3,3,true,Potentially Life-Threatening,1,MEDIC,1,3,6,South of Market,"(37.7807914830651, -122.399616233554)",120460234-65
132560385,E08,13086724,Medical Incident,09/13/2013,09/13/2013,09/13/2013 09:34:08 PM,09/13/2013 09:34:57 PM,09/13/2013 09:35:14 PM,09/13/2013 09:36:52 PM,,,,Other,09/13/2013 09:48:56 PM,500 Block of 5TH ST,SF,94107,B03,08,2242,3,3,3,true,Potentially Life-Threatening,1,ENGINE,2,3,6,South of Market,"(37.7776242389287, -122.39998111124)",132560385-E08
001110114,D2,00033007,Structure Fire,04/20/2000,04/20/2000,04/20/2000 12:30:43 PM,04/20/2000 12:31:15 PM,04/20/2000 12:31:23 PM,04/20/2000 12:32:44 PM,,,,Other,04/20/2000 12:36:57 PM,400 Block of STEINER ST,SF,94117,B05,21,3632,3,3,3,false,,1,CHIEF,9,5,5,Haight Ashbury,"(37.7732844421426, -122.432441918199)",001110114-D2
001120230,M43,00033403,Medical Incident,04/21/2000,04/21/2000,04/21/2000 06:49:59 PM,04/21/2000 06:51:37 PM,04/21/2000 06:52:04 PM,04/21/2000 06:58:16 PM,04/21/2000 07:01:05 PM,04/21/2000 07:17:35 PM,04/21/2000 07:30:44 PM,Other,04/21/2000 07:57:57 PM,100 Block of SICKLES AVE,SF,94112,B09,33,6213,3,3,3,true,,1,MEDIC,3,9,11,Outer Mission,"(37.7099816740397, -122.454168047139)",001120230-M43
010400438,M07,01012333,Structure Fire,02/09/2001,02/09/2001,02/09/2001 10:03:25 PM,02/09/2001 10:03:57 PM,02/09/2001 10:04:04 PM,02/09/2001 10:07:23 PM,02/09/2001 10:09:58 PM,02/09/2001 10:34:52 PM,,Other,02/09/2001 11:22:32 PM,1500 Block of GUERRERO ST,SF,94110,B06,11,5577,3,3,3,true,,2,MEDIC,7,6,8,Noe Valley,"(37.7459726390518, -122.422333355558)",010400438-M07
110430417,54,11014460,Medical Incident,02/12/2011,02/12/2011,02/12/2011 09:59:54 PM,02/12/2011 10:02:34 PM,02/12/2011 10:02:57 PM,02/12/2011 10:04:49 PM,02/12/2011 10:09:49 PM,02/12/2011 10:27:43 PM,02/12/2011 10:47:34 PM,Code 2 Transport,02/12/2011 11:21:02 PM,21ST ST/TREAT AV,SF,94110,B06,07,0545,3,3,3,true,,1,MEDIC,2,6,9,Mission,"(37.7573634626497, -122.413446855888)",110430417-54
163662281,E41,16146805,Structure Fire,12/31/2016,12/31/2016,12/31/2016 04:26:19 PM,12/31/2016 04:27:01 PM,12/31/2016 04:27:21 PM,12/31/2016 04:27:48 PM,12/31/2016 04:30:36 PM,,,Fire,12/31/2016 04:35:55 PM,BAY ST/POLK ST,San Francisco,94109,B01,28,3134,3,3,3,true,Alarm,1,ENGINE,1,1,2,Russian Hill,"(37.8043549238836, -122.423466054216)",163662281-E41
180391096,E02,18016664,Medical Incident,02/08/2018,02/08/2018,02/08/2018 09:33:11 AM,02/08/2018 09:33:11 AM,02/08/2018 09:34:20 AM,02/08/2018 09:36:06 AM,02/08/2018 09:36:25 AM,,,Code 2 Transport,02/08/2018 09:55:11 AM,700 Block of BROADWAY,San Francisco,94133,B01,02,1353,B,3,3,true,Potentially Life-Threatening,1,ENGINE,1,1,3,Chinatown,"(37.79761460820716, -122.4091647668515)",180391096-E02
141590964,KM12,14054729,Medical Incident,06/08/2014,06/08/2014,06/08/2014 09:52:06 AM,06/08/2014 09:53:37 AM,06/08/2014 09:54:30 AM,06/08/2014 09:58:16 AM,06/08/2014 10:00:56 AM,,,Patient Declined Transport,06/08/2014 10:03:16 AM,PIERCE ST/WALLER ST,San Francisco,94117,B05,06,3635,2,2,2,false,Potentially Life-Threatening,1,PRIVATE,1,5,5,Haight Ashbury,"(37.7707552308158, -122.433547160099)",141590964-KM12
111070211,KM02,11035419,Medical Incident,04/17/2011,04/17/2011,04/17/2011 02:39:08 PM,04/17/2011 02:40:28 PM,04/17/2011 02:41:02 PM,04/17/2011 02:41:49 PM,04/17/2011 02:54:41 PM,,,No Merit,04/17/2011 03:02:09 PM,WEBSTER ST/GEARY BL,SF,94115,B04,05,3541,1,1,2,false,,1,PRIVATE,1,4,5,Japantown,"(37.7845682402461, -122.431204945516)",111070211-KM02
141460835,E07,14050076,Medical Incident,05/26/2014,05/26/2014,05/26/2014 09:26:03 AM,05/26/2014 09:27:31 AM,05/26/2014 09:28:06 AM,05/26/2014 09:29:03 AM,05/26/2014 09:32:59 AM,,,Code 2 Transport,05/26/2014 09:41:48 AM,700 Block of GOLDEN GATE AVE,San Francisco,94102,B02,05,0326,E,E,3,true,Potentially Life-Threatening,1,ENGINE,2,2,5,Western Addition,"(37.7806621042491, -122.422897924418)",141460835-E07
122420172,KM10,12080035,Medical Incident,08/29/2012,08/29/2012,08/29/2012 12:24:06 PM,08/29/2012 12:24:19 PM,08/29/2012 12:24:42 PM,08/29/2012 12:25:35 PM,08/29/2012 12:36:43 PM,08/29/2012 12:48:40 PM,08/29/2012 01:11:41 PM,Code 2 Transport,08/29/2012 01:31:53 PM,300 Block of AMBER DR,SF,94131,B06,26,8164,3,3,3,false,Potentially Life-Threatening,1,PRIVATE,2,6,8,Glen Park,"(37.7445636381979, -122.441704934967)",122420172-KM10
033300082,E40,03094473,Citizen Assist / Service Call,11/26/2003,11/26/2003,11/26/2003 08:31:22 AM,11/26/2003 08:31:22 AM,11/26/2003 08:31:22 AM,,11/26/2003 08:31:22 AM,,,Other,11/26/2003 08:49:43 AM,2100 Block of 18TH AVE,SF,94116,B08,40,7417,3,3,3,true,,1,ENGINE,1,8,7,West of Twin Peaks,"(37.7477625842458, -122.474883054338)",033300082-E40
010890357,E22,01027248,Structure Fire,03/30/2001,03/30/2001,03/30/2001 07:03:54 PM,03/30/2001 07:05:23 PM,03/30/2001 07:05:37 PM,03/30/2001 07:07:24 PM,,,,Other,03/30/2001 07:10:30 PM,SHRADER ST/WALLER ST,SF,94117,B05,12,4532,3,3,3,false,,1,ENGINE,8,5,5,Haight Ashbury,"(37.7684455265655, -122.451675935631)",010890357-E22
051770046,M03,05047245,Medical Incident,06/26/2005,06/25/2005,06/26/2005 02:26:36 AM,06/26/2005 02:26:48 AM,06/26/2005 02:26:54 AM,06/26/2005 02:28:29 AM,06/26/2005 02:30:54 AM,06/26/2005 02:50:33 AM,06/26/2005 02:56:21 AM,Code 2 Transport,06/26/2005 03:10:17 AM,300 Block of TURK ST,SF,94102,B02,03,1554,E,E,3,true,,1,MEDIC,1,2,6,Tenderloin,"(37.7826355124294, -122.414862827314)",051770046-M03
122260042,T03,12074807,Structure Fire,08/13/2012,08/12/2012,08/13/2012 03:43:05 AM,08/13/2012 03:43:39 AM,08/13/2012 03:44:06 AM,08/13/2012 03:45:20 AM,08/13/2012 03:46:53 AM,,,Other,08/13/2012 03:53:43 AM,400 Block of LEAVENWORTH ST,SF,94109,B04,03,1544,3,3,3,false,Fire,1,TRUCK,1,2,6,Tenderloin,"(37.7851111081788, -122.414592038343)",122260042-T03
180751522,78,18031916,Medical Incident,03/16/2018,03/16/2018,03/16/2018 11:39:23 AM,03/16/2018 11:41:31 AM,03/16/2018 11:41:44 AM,03/16/2018 11:41:57 AM,03/16/2018 12:06:06 PM,03/16/2018 12:27:14 PM,03/16/2018 12:56:21 PM,Code 2 Transport,03/16/2018 01:46:18 PM,1400 Block of 3RD ST,San Francisco,94158,B03,04,2231,2,2,2,true,Non Life-threatening,1,MEDIC,1,3,6,Mission Bay,"(37.770198458047965, -122.38957826549131)",180751522-78
180540600,E06,18022940,Medical Incident,02/23/2018,02/22/2018,02/23/2018 07:41:27 AM,02/23/2018 07:42:15 AM,02/23/2018 07:43:53 AM,02/23/2018 07:44:55 AM,02/23/2018 07:53:10 AM,,,Code 2 Transport,02/23/2018 07:53:26 AM,1600 Block of MARKET ST,San Francisco,94103,B02,36,5115,3,3,3,true,Potentially Life-Threatening,1,ENGINE,2,2,6,Mission,"(37.773218067592516, -122.42152230069615)",180540600-E06
042180001,M43,04060460,Medical Incident,08/05/2004,08/04/2004,08/05/2004 12:11:00 AM,08/05/2004 12:13:23 AM,08/05/2004 12:14:09 AM,08/05/2004 12:16:48 AM,08/05/2004 12:26:38 AM,08/05/2004 12:56:58 AM,08/05/2004 01:10:58 AM,Other,08/05/2004 01:36:34 AM,300 Block of GONZALEZ DR,SF,94132,B08,19,8423,3,3,3,true,,1,MEDIC,1,8,7,Lakeshore,"(37.716122935371, -122.476494710163)",042180001-M43
010570357,M09,01017266,Medical Incident,02/26/2001,02/26/2001,02/26/2001 10:09:08 PM,02/26/2001 10:10:37 PM,02/26/2001 10:11:14 PM,02/26/2001 10:12:41 PM,02/26/2001 10:16:01 PM,02/26/2001 10:25:48 PM,,Other,02/26/2001 10:47:43 PM,1800 Block of 25TH ST,SF,94107,B10,37,2615,3,3,3,true,,1,MEDIC,1,10,10,Potrero Hill,"(37.7521976465641, -122.397477711041)",010570357-M09
161684219,E38,16066356,Medical Incident,06/16/2016,06/16/2016,06/16/2016 10:25:52 PM,06/16/2016 10:26:16 PM,06/16/2016 10:26:37 PM,06/16/2016 10:27:41 PM,06/16/2016 10:29:07 PM,,,Code 2 Transport,06/16/2016 10:34:01 PM,LAGUNA ST/SUTTER ST,San Francisco,94115,B04,38,3364,3,3,3,false,Potentially Life-Threatening,1,ENGINE,1,4,5,Japantown,"(37.7867126546212, -122.428335613395)",161684219-E38
171980534,65,17083179,Medical Incident,07/17/2017,07/16/2017,07/17/2017 06:35:25 AM,07/17/2017 06:36:21 AM,07/17/2017 06:36:33 AM,07/17/2017 06:36:40 AM,07/17/2017 06:41:34 AM,07/17/2017 07:22:23 AM,07/17/2017 07:46:40 AM,Code 2 Transport,07/17/2017 08:08:57 AM,0 Block of LATONA ST,San Francisco,94124,B10,17,6514,3,3,3,true,Potentially Life-Threatening,1,MEDIC,2,10,10,Bayview Hunters Point,"(37.7316182572491, -122.392627218053)",171980534-65
113210179,88,11106624,Medical Incident,11/17/2011,11/17/2011,11/17/2011 11:56:31 AM,11/17/2011 11:57:17 AM,11/17/2011 11:58:26 AM,11/17/2011 11:59:00 AM,11/17/2011 12:05:26 PM,11/17/2011 12:24:29 PM,11/17/2011 01:05:48 PM,Code 2 Transport,11/17/2011 01:24:14 PM,GROVE ST/LARKIN ST,SF,94102,B02,36,1552,3,3,3,true,,1,MEDIC,2,2,6,Tenderloin,"(37.7786578549412, -122.416580344698)",113210179-88
171442599,57,17061235,Medical Incident,05/24/2017,05/24/2017,05/24/2017 03:08:34 PM,05/24/2017 03:11:04 PM,05/24/2017 03:11:18 PM,05/24/2017 03:11:51 PM,05/24/2017 03:14:44 PM,05/24/2017 03:51:14 PM,05/24/2017 03:51:15 PM,Code 2 Transport,05/24/2017 04:00:11 PM,2000 Block of SILVER AVE,San Francisco,94124,B10,42,6454,2,2,2,true,Non Life-threatening,1,MEDIC,1,10,10,Bayview Hunters Point,"(37.7360541412918, -122.399492021329)",171442599-57
073060060,96,07087900,Traffic Collision,11/02/2007,11/01/2007,11/02/2007 06:55:41 AM,11/02/2007 06:56:35 AM,11/02/2007 06:56:51 AM,11/02/2007 06:57:03 AM,11/02/2007 07:00:02 AM,11/02/2007 07:13:58 AM,11/02/2007 07:20:48 AM,Code 2 Transport,11/02/2007 07:42:00 AM,14TH ST/HARRISON ST,SF,94103,B02,36,5112,3,3,3,true,,1,MEDIC,1,2,9,Mission,"(37.7686712258347, -122.413396248713)",073060060-96
142541450,E02,14088648,Medical Incident,09/11/2014,09/11/2014,09/11/2014 12:04:23 PM,09/11/2014 12:04:23 PM,09/11/2014 12:04:23 PM,09/11/2014 12:04:23 PM,09/11/2014 12:04:23 PM,,,Fire,09/11/2014 12:23:26 PM,POWELL ST/POST ST,San Francisco,94108,B01,01,1362,3,3,3,true,Potentially Life-Threatening,1,ENGINE,1,1,3,Financial District/South Beach,"(37.7882931920047, -122.408401551902)",142541450-E02
140610285,E18,14020734,Medical Incident,03/02/2014,03/02/2014,03/02/2014 07:15:13 PM,03/02/2014 07:17:39 PM,03/02/2014 07:18:12 PM,03/02/2014 07:19:19 PM,03/02/2014 07:21:49 PM,,,Code 2 Transport,03/02/2014 07:36:17 PM,2200 Block of RIVERA ST,SF,94116,B08,18,7545,3,3,3,true,Potentially Life-Threatening,1,ENGINE,1,8,4,Sunset/Parkside,"(37.7460863930758, -122.490411463766)",140610285-E18
152942007,E01,15112996,Medical Incident,10/21/2015,10/21/2015,10/21/2015 01:27:21 PM,10/21/2015 01:31:02 PM,10/21/2015 01:31:37 PM,10/21/2015 01:32:42 PM,10/21/2015 01:34:01 PM,,,Medical Examiner,10/21/2015 02:09:50 PM,900 Block of MISSION ST,San Francisco,94103,B03,01,2251,E,E,3,true,Potentially Life-Threatening,1,ENGINE,1,3,6,South of Market,"(37.7815063666429, -122.407932868203)",152942007-E01
151241111,85,15046958,Traffic Collision,05/04/2015,05/04/2015,05/04/2015 10:06:44 AM,05/04/2015 10:08:39 AM,05/04/2015 10:08:53 AM,05/04/2015 10:09:04 AM,05/04/2015 10:18:05 AM,05/04/2015 10:48:04 AM,05/04/2015 10:59:41 AM,Code 2 Transport,05/04/2015 11:39:01 AM,1400 Block of 9TH AVE,San Francisco,94122,B08,22,7334,2,2,2,true,Non Life-threatening,1,MEDIC,2,8,5,Inner Sunset,"(37.7612463430901, -122.466046390391)",151241111-85
033540015,M05,03101315,Medical Incident,12/20/2003,12/19/2003,12/20/2003 01:27:17 AM,12/20/2003 01:29:33 AM,12/20/2003 01:29:41 AM,12/20/2003 01:30:59 AM,12/20/2003 01:32:04 AM,12/20/2003 01:37:13 AM,12/20/2003 02:04:45 AM,Other,12/20/2003 02:14:21 AM,700 Block of WEBSTER ST,SF,94117,B05,05,3521,3,3,3,true,,1,MEDIC,1,2,5,Hayes Valley,"(37.7774337931846, -122.429916785858)",033540015-M05
012420078,B01,01074546,Alarms,08/30/2001,08/30/2001,08/30/2001 08:05:34 AM,08/30/2001 08:06:18 AM,08/30/2001 08:06:40 AM,08/30/2001 08:07:29 AM,,,,Other,08/30/2001 08:09:59 AM,100 Block of DRUMM ST,SF,94111,B01,13,1115,3,3,3,false,,1,CHIEF,3,1,3,Financial District/South Beach,"(37.7950362552473, -122.396610479798)",012420078-B01
181522189,T19,18064393,Alarms,06/01/2018,06/01/2018,06/01/2018 02:59:00 PM,06/01/2018 03:00:08 PM,06/01/2018 03:00:37 PM,06/01/2018 03:01:59 PM,06/01/2018 03:05:56 PM,,,Fire,06/01/2018 03:13:11 PM,300 Block of SERRANO DR,San Francisco,94132,B08,19,8581,3,3,3,true,Alarm,1,TRUCK,2,8,7,Lakeshore,"(37.71901186767855, -122.48045074945877)",181522189-T19
131530089,E34,13051755,Medical Incident,06/02/2013,06/02/2013,06/02/2013 08:05:55 AM,06/02/2013 08:08:45 AM,06/02/2013 08:08:58 AM,06/02/2013 08:09:51 AM,06/02/2013 08:14:27 AM,,,No Merit,06/02/2013 08:17:16 AM,800 Block of LA PLAYA,SF,94121,B07,34,7311,3,3,3,false,Potentially Life-Threatening,1,ENGINE,1,7,1,Outer Richmond,"(37.7723244294895, -122.510034921211)",131530089-E34
061760420,E08,06049314,Gas Leak (Natural and LP Gases),06/25/2006,06/25/2006,06/25/2006 11:29:04 PM,06/25/2006 11:29:51 PM,06/25/2006 11:30:14 PM,06/25/2006 11:31:31 PM,06/25/2006 11:34:16 PM,,,Fire,06/25/2006 11:35:56 PM,1100 Block of 8TH ST,SF,94107,B03,29,2362,3,3,3,true,,1,ENGINE,1,3,10,Mission Bay,"(37.767036431566, -122.400003831737)",061760420-E08
181302309,E40,18055200,Structure Fire,05/10/2018,05/10/2018,05/10/2018 01:51:50 PM,05/10/2018 01:53:24 PM,05/10/2018 01:53:45 PM,05/10/2018 01:54:43 PM,05/10/2018 01:57:42 PM,,,Fire,05/10/2018 01:58:10 PM,SANTIAGO ST/26TH AV,San Francisco,94116,B08,40,7471,3,3,3,false,Alarm,1,ENGINE,2,8,4,Sunset/Parkside,"(37.74458706997762, -122.48332232255939)",181302309-E40
172162699,T03,17090563,Alarms,08/04/2017,08/04/2017,08/04/2017 04:14:29 PM,08/04/2017 04:15:47 PM,08/04/2017 04:16:10 PM,08/04/2017 04:18:31 PM,08/04/2017 04:20:09 PM,,,Fire,08/04/2017 04:28:41 PM,500 Block of ELLIS ST,San Francisco,94109,B02,03,1555,3,3,3,false,Alarm,1,TRUCK,1,2,6,Tenderloin,"(37.784476659022, -122.415414178631)",172162699-T03
083540371,E11,08108352,Medical Incident,12/19/2008,12/19/2008,12/19/2008 08:50:33 PM,12/19/2008 08:52:19 PM,12/19/2008 08:52:29 PM,12/19/2008 08:53:49 PM,12/19/2008 08:58:19 PM,,,No Merit,12/19/2008 09:03:49 PM,3200 Block of 24TH ST,SF,94110,B06,11,5525,3,2,2,true,,1,ENGINE,1,6,9,Mission,"(37.7524095591909, -122.416551372097)",083540371-E11
081370078,E44,08042034,Structure Fire,05/16/2008,05/15/2008,05/16/2008 05:33:41 AM,05/16/2008 05:35:04 AM,05/16/2008 05:35:09 AM,05/16/2008 05:37:20 AM,05/16/2008 05:39:35 AM,,,Other,05/16/2008 05:42:06 AM,0 Block of ORSI CIR,SF,94124,B10,42,6475,3,3,3,true,,1,ENGINE,1,10,10,Bayview Hunters Point,"(37.7283462981568, -122.397294752472)",081370078-E44
020740240,B07,02022295,Alarms,03/15/2002,03/15/2002,03/15/2002 02:19:27 PM,03/15/2002 02:19:51 PM,03/15/2002 02:20:01 PM,03/15/2002 02:21:24 PM,,,,Other,03/15/2002 02:24:22 PM,700 Block of 33RD AVE,SF,94121,B07,14,7244,3,3,3,false,,1,CHIEF,2,7,1,Outer Richmond,"(37.7749808628388, -122.49290444364)",020740240-B07
131210265,E36,13040714,Medical Incident,05/01/2013,05/01/2013,05/01/2013 03:17:15 PM,05/01/2013 03:18:12 PM,05/01/2013 03:18:54 PM,05/01/2013 03:19:04 PM,05/01/2013 03:22:14 PM,,,Other,05/01/2013 03:50:26 PM,1100 Block of MISSION ST,SF,94103,B02,36,2318,3,3,3,false,Potentially Life-Threatening,1,ENGINE,3,2,6,South of Market,"(37.7777124404316, -122.412736707425)",131210265-E36
171450890,77,17061536,Medical Incident,05/25/2017,05/25/2017,05/25/2017 08:42:44 AM,05/25/2017 08:43:10 AM,05/25/2017 08:43:35 AM,05/25/2017 08:43:40 AM,05/25/2017 08:52:57 AM,05/25/2017 09:00:27 AM,05/25/2017 09:19:31 AM,Code 2 Transport,05/25/2017 09:48:38 AM,100 Block of TURK ST,San Francisco,94102,B03,03,1456,2,2,2,true,Potentially Life-Threatening,1,MEDIC,2,3,6,Tenderloin,"(37.7830549681708, -122.411577299279)",171450890-77
070900014,M11,07026017,Medical Incident,03/31/2007,03/30/2007,03/31/2007 01:18:47 AM,03/31/2007 01:19:20 AM,03/31/2007 01:19:35 AM,03/31/2007 01:21:19 AM,,,,SFPD,03/31/2007 01:22:01 AM,POTRERO AV/CESAR CHAVEZ ST,SF,94110,B10,09,2626,2,2,2,true,,1,MEDIC,1,10,9,Bernal Heights,"(37.7490055721109, -122.405007343737)",070900014-M11
041150031,E43,04032572,Medical Incident,04/24/2004,04/23/2004,04/24/2004 02:11:59 AM,04/24/2004 02:13:00 AM,04/24/2004 02:13:12 AM,04/24/2004 02:15:02 AM,04/24/2004 02:17:37 AM,,,Other,04/24/2004 02:41:13 AM,100 Block of BRAZIL AVE,SF,94112,B09,43,6127,E,E,3,true,,1,ENGINE,3,9,11,Excelsior,"(37.7241714494638, -122.433596788622)",041150031-E43
102640326,B07,10083675,Structure Fire,09/21/2010,09/21/2010,09/21/2010 07:32:14 PM,09/21/2010 07:32:40 PM,09/21/2010 07:32:57 PM,09/21/2010 07:35:01 PM,09/21/2010 07:36:58 PM,,,Other,09/21/2010 07:43:11 PM,100 Block of 3RD AVE,SF,94118,B07,31,7115,3,3,3,false,,1,CHIEF,2,7,2,Inner Richmond,"(37.7861127461326, -122.461350652607)",102640326-B07
182263783,E41,18095609,Citizen Assist / Service Call,08/14/2018,08/14/2018,08/14/2018 10:14:52 PM,08/14/2018 10:15:58 PM,08/14/2018 10:16:17 PM,08/14/2018 10:17:25 PM,08/14/2018 10:20:34 PM,,,Fire,08/14/2018 10:21:12 PM,FILBERT ST/VAN NESS AV,San Francisco,94109,B04,16,3146,3,3,3,false,Alarm,1,ENGINE,1,4,2,Russian Hill,"(37.7994845306272, -122.42417056442649)",182263783-E41
011900029,RS2,01058928,Structure Fire,07/09/2001,07/08/2001,07/09/2001 04:39:04 AM,07/09/2001 04:39:35 AM,07/09/2001 04:39:51 AM,07/09/2001 04:40:54 AM,07/09/2001 04:44:30 AM,,,Other,07/09/2001 06:08:51 AM,1900 Block of PALOU AVE,SF,94124,B10,42,6431,3,3,3,false,,1,RESCUE SQUAD,3,10,10,Bayview Hunters Point,"(37.7377301358616, -122.397406602274)",011900029-RS2
080830336,81,08025774,Medical Incident,03/23/2008,03/23/2008,03/23/2008 09:13:22 PM,03/23/2008 09:15:41 PM,03/23/2008 09:15:58 PM,03/23/2008 09:16:12 PM,03/23/2008 09:23:44 PM,03/23/2008 09:36:25 PM,03/23/2008 09:41:28 PM,Code 2 Transport,03/23/2008 10:05:47 PM,200 Block of BANKS ST,SF,94110,B10,32,5727,2,2,2,true,,1,MEDIC,1,10,9,Bernal Heights,"(37.7397664770684, -122.412789358109)",080830336-81
080390140,E38,08012241,Alarms,02/08/2008,02/08/2008,02/08/2008 10:16:29 AM,02/08/2008 10:17:50 AM,02/08/2008 10:18:16 AM,02/08/2008 10:19:59 AM,02/08/2008 10:23:40 AM,,,Fire,02/08/2008 10:25:27 AM,2700 Block of BUCHANAN ST,SF,94123,B04,38,3442,3,3,3,true,,1,ENGINE,2,4,2,Pacific Heights,"(37.7951554962576, -122.431799193187)",080390140-E38
043230267,M14,04089222,Medical Incident,11/18/2004,11/18/2004,11/18/2004 03:10:30 PM,11/18/2004 03:11:30 PM,11/18/2004 03:11:48 PM,11/18/2004 03:15:12 PM,11/18/2004 03:16:43 PM,11/18/2004 03:28:47 PM,11/18/2004 03:37:52 PM,Other,11/18/2004 04:05:06 PM,400 Block of 15TH AVE,SF,94118,B07,31,7154,2,2,2,true,,1,MEDIC,1,7,1,Outer Richmond,"(37.7796108045675, -122.473976770296)",043230267-M14
023500561,T11,02104426,Alarms,12/16/2002,12/16/2002,12/16/2002 11:30:53 PM,12/16/2002 11:31:11 PM,12/16/2002 11:31:17 PM,12/16/2002 11:32:45 PM,,,,Other,12/16/2002 11:38:54 PM,1300 Block of VALENCIA ST,SF,94110,B06,11,5535,3,3,3,false,,1,TRUCK,2,6,8,Mission,"(37.7513004428428, -122.420654868929)",023500561-T11
070220075,A304,07006430,Traffic Collision,01/22/2007,01/22/2007,01/22/2007 08:26:59 AM,01/22/2007 08:28:40 AM,01/22/2007 08:29:23 AM,,,01/22/2007 08:55:27 AM,01/22/2007 09:04:40 AM,Other,01/22/2007 09:23:47 AM,300 Block of SAINT JOSEPHS AVE,SF,94115,B05,10,4261,3,3,3,false,,1,PRIVATE,4,5,2,Western Addition,"(37.7825498243006, -122.442292311195)",070220075-A304
143183755,79,14112784,Medical Incident,11/14/2014,11/14/2014,11/14/2014 09:37:47 PM,11/14/2014 09:37:47 PM,11/14/2014 09:38:14 PM,11/14/2014 09:38:23 PM,11/14/2014 09:50:03 PM,11/14/2014 09:56:50 PM,11/14/2014 10:49:42 PM,Code 2 Transport,11/14/2014 10:50:58 PM,1200 Block of POLK ST,San Francisco,94109,B04,03,3121,2,2,2,true,Non Life-threatening,1,MEDIC,1,4,3,Nob Hill,"(37.7884521578132, -122.420326993863)",143183755-79
112700153,T15,11089201,Structure Fire,09/27/2011,09/27/2011,09/27/2011 12:22:53 PM,09/27/2011 12:23:22 PM,09/27/2011 12:23:36 PM,,,,,Other,09/27/2011 12:25:46 PM,300 Block of LA GRANDE AVE,SF,94112,B09,43,6165,3,3,3,false,,1,TRUCK,4,9,11,McLaren Park,"(37.7197515959451, -122.425588438069)",112700153-T15
022240348,E22,02066790,Medical Incident,08/12/2002,08/12/2002,08/12/2002 10:14:40 PM,08/12/2002 10:14:42 PM,08/12/2002 10:14:48 PM,,,,,Other,08/12/2002 10:16:07 PM,9TH AV/JUDAH ST,SF,94122,B08,22,7334,E,E,3,false,,1,ENGINE,1,8,5,Inner Sunset,"(37.7621750437096, -122.466180554463)",022240348-E22
051500011,T07,05039971,Other,05/30/2005,05/29/2005,05/30/2005 12:46:17 AM,05/30/2005 12:46:35 AM,05/30/2005 12:46:56 AM,05/30/2005 12:51:54 AM,05/30/2005 12:51:57 AM,,,Fire,05/30/2005 01:00:13 AM,3100 Block of 22ND ST,SF,94110,B06,07,5472,3,3,3,false,,1,TRUCK,1,6,9,Mission,"(37.755524488206, -122.418208517373)",051500011-T07
083650094,AM04,08111387,Structure Fire,12/30/2008,12/30/2008,12/30/2008 08:51:19 AM,12/30/2008 08:52:35 AM,12/30/2008 08:52:59 AM,,,,,Other,12/30/2008 08:54:06 AM,2900 Block of 24TH ST,SF,94110,B06,07,5527,3,3,3,false,,1,PRIVATE,11,6,9,Mission,"(37.752766726673, -122.410519781929)",083650094-AM04
042550320,T07,04070799,Structure Fire,09/11/2004,09/11/2004,09/11/2004 07:53:41 PM,09/11/2004 07:56:36 PM,09/11/2004 07:57:03 PM,09/11/2004 07:58:29 PM,09/11/2004 08:03:48 PM,,,Other,09/11/2004 08:18:07 PM,CASTRO ST/MARKET ST,SF,94114,B05,A2,5233,3,3,3,false,,1,TRUCK,6,5,8,Castro/Upper Market,"(37.7626707090454, -122.435187962298)",042550320-T07
011370217,E01,01042254,Medical Incident,05/17/2001,05/17/2001,05/17/2001 12:20:40 PM,05/17/2001 12:21:59 PM,05/17/2001 12:22:31 PM,05/17/2001 12:23:53 PM,05/17/2001 12:25:26 PM,,,Other,05/17/2001 12:41:23 PM,100 Block of GEARY ST,SF,94108,B01,01,1323,3,3,3,false,,1,ENGINE,1,1,3,Financial District/South Beach,"(37.7877209923178, -122.405826623955)",011370217-E01
122380292,T08,12078937,Alarms,08/25/2012,08/25/2012,08/25/2012 09:20:25 PM,08/25/2012 09:20:25 PM,08/25/2012 09:20:42 PM,08/25/2012 09:22:08 PM,,,,Other,08/25/2012 09:23:26 PM,4TH ST/BRYANT ST,SF,94107,B03,08,2217,3,3,3,false,Alarm,1,TRUCK,2,3,6,South of Market,"(37.7795669099357, -122.398059940086)",122380292-T08
020160026,M43,02004701,Medical Incident,01/16/2002,01/15/2002,01/16/2002 01:38:01 AM,01/16/2002 01:44:58 AM,01/16/2002 01:45:07 AM,01/16/2002 01:45:32 AM,01/16/2002 01:55:01 AM,01/16/2002 02:04:34 AM,01/16/2002 02:13:08 AM,Other,01/16/2002 02:34:59 AM,0 Block of SALA TER,SF,94112,B09,43,8334,2,2,2,true,,1,MEDIC,1,9,11,Outer Mission,"(37.7142098169481, -122.445502670509)",020160026-M43
093520233,89,09106647,Medical Incident,12/18/2009,12/18/2009,12/18/2009 02:21:56 PM,12/18/2009 02:23:45 PM,12/18/2009 02:24:24 PM,,12/18/2009 02:28:50 PM,12/18/2009 02:46:40 PM,12/18/2009 02:56:24 PM,Code 2 Transport,12/18/2009 03:17:06 PM,100 Block of CAPP ST,SF,94110,B02,07,5236,3,3,3,true,,1,MEDIC,1,2,9,Mission,"(37.7642993402288, -122.418551435984)",093520233-89
053280302,E03,05088833,Alarms,11/24/2005,11/24/2005,11/24/2005 09:37:47 PM,11/24/2005 09:40:32 PM,11/24/2005 09:40:45 PM,11/24/2005 09:42:19 PM,11/24/2005 09:44:48 PM,,,Other,11/24/2005 09:49:41 PM,100 Block of TURK ST,SF,94102,B03,01,1456,3,3,3,true,,1,ENGINE,3,3,6,Tenderloin,"(37.783163427134, -122.411599278937)",053280302-E03
042550230,E36,04070727,Medical Incident,09/11/2004,09/11/2004,09/11/2004 03:20:48 PM,09/11/2004 03:24:59 PM,09/11/2004 03:25:27 PM,,,,,Other,09/11/2004 03:26:05 PM,0 Block of FELL ST,SF,94102,B02,A2,3111,3,3,3,true,,1,ENGINE,3,2,6,Tenderloin,"(37.7764405100838, -122.418481123408)",042550230-E36
161700799,KM09,16066925,Medical Incident,06/18/2016,06/18/2016,06/18/2016 08:25:01 AM,06/18/2016 08:30:04 AM,06/18/2016 08:30:33 AM,06/18/2016 08:31:03 AM,06/18/2016 08:35:41 AM,06/18/2016 09:06:14 AM,06/18/2016 09:06:41 AM,Code 2 Transport,06/18/2016 09:40:04 AM,3100 Block of 16TH ST,San Francisco,94110,B02,06,5235,2,2,2,false,Potentially Life-Threatening,1,PRIVATE,1,2,8,Mission,"(37.7647586086861, -122.423602301722)",161700799-KM09
172743684,T19,17115407,Alarms,10/01/2017,10/01/2017,10/01/2017 08:56:30 PM,10/01/2017 08:57:29 PM,10/01/2017 08:57:40 PM,10/01/2017 09:00:07 PM,10/01/2017 09:02:31 PM,,,Fire,10/01/2017 09:13:44 PM,100 Block of CAMBON DR,San Francisco,94132,B08,19,8428,3,3,3,false,Alarm,1,TRUCK,2,8,7,Lakeshore,"(37.7166731170808, -122.474173685372)",172743684-T19
060980154,E08,06027225,Structure Fire,04/08/2006,04/08/2006,04/08/2006 12:49:15 PM,04/08/2006 12:49:15 PM,04/08/2006 12:50:39 PM,04/08/2006 12:52:08 PM,04/08/2006 12:53:28 PM,,,Other,04/08/2006 12:54:10 PM,6TH ST/HARRISON ST,SF,94103,B03,08,2254,3,3,3,true,,1,ENGINE,1,3,6,South of Market,"(37.7772727011897, -122.404070256526)",060980154-E08
122570285,E23,12085049,Medical Incident,09/13/2012,09/13/2012,09/13/2012 07:14:09 PM,09/13/2012 07:15:49 PM,09/13/2012 07:17:51 PM,09/13/2012 07:18:53 PM,09/13/2012 07:20:51 PM,,,Other,09/13/2012 07:42:28 PM,1600 Block of 44TH AVE,SF,94122,B08,23,7661,2,2,2,false,Non Life-threatening,1,ENGINE,1,8,4,Sunset/Parkside,"(37.7558537231148, -122.503526833565)",122570285-E23
143271742,76,14115873,Medical Incident,11/23/2014,11/23/2014,11/23/2014 12:22:14 PM,11/23/2014 12:23:48 PM,11/23/2014 12:24:15 PM,11/23/2014 12:24:23 PM,11/23/2014 12:30:34 PM,11/23/2014 12:49:04 PM,11/23/2014 01:15:30 PM,Code 2 Transport,11/23/2014 01:49:39 PM,0 Block of THOMAS MORE WAY,San Francisco,94132,B08,33,8773,3,3,3,true,Potentially Life-Threatening,1,MEDIC,2,8,7,Lakeshore,"(37.7122982509145, -122.473064099314)",143271742-76
062640247,E08,06074119,Medical Incident,09/21/2006,09/21/2006,09/21/2006 02:05:41 PM,09/21/2006 02:07:18 PM,09/21/2006 02:07:47 PM,09/21/2006 02:09:47 PM,09/21/2006 02:12:58 PM,,,Other,09/21/2006 02:15:37 PM,0 Block of SOUTH PARK,SF,94107,B03,08,2153,3,3,3,true,,1,ENGINE,2,3,6,Financial District/South Beach,"(37.7823359738287, -122.393092579681)",062640247-E08
093010114,E19,09090670,Medical Incident,10/28/2009,10/28/2009,10/28/2009 09:11:45 AM,10/28/2009 09:14:01 AM,10/28/2009 09:14:10 AM,10/28/2009 09:14:51 AM,10/28/2009 09:18:12 AM,,,Other,10/28/2009 09:34:25 AM,300 Block of ARBALLO DR,SF,94132,B08,19,8582,3,3,3,true,,1,ENGINE,1,8,7,Lakeshore,"(37.7208318410205, -122.483066441234)",093010114-E19
173114044,T10,17130958,Structure Fire,11/07/2017,11/07/2017,11/07/2017 09:02:41 PM,11/07/2017 09:03:54 PM,11/07/2017 09:04:22 PM,11/07/2017 09:05:02 PM,,,,Fire,11/07/2017 09:10:13 PM,200 Block of SHRADER ST,San Francisco,94117,B05,21,4543,3,3,3,false,Alarm,1,TRUCK,6,5,5,Lone Mountain/USF,"(37.77263890329106, -122.45259896423536)",173114044-T10
132600093,E21,13087892,Structure Fire,09/17/2013,09/16/2013,09/17/2013 07:05:09 AM,09/17/2013 07:05:20 AM,09/17/2013 07:06:18 AM,09/17/2013 07:07:37 AM,09/17/2013 07:11:05 AM,,,Other,09/17/2013 07:19:48 AM,300 Block of WEBSTER ST,SF,94102,B02,05,0352,3,3,3,false,Alarm,1,ENGINE,1,2,5,Hayes Valley,"(37.7737232931729, -122.429015869716)",132600093-E21
051490136,RC3,05039789,Medical Incident,05/29/2005,05/29/2005,05/29/2005 10:48:36 AM,05/29/2005 10:51:49 AM,05/29/2005 10:52:01 AM,05/29/2005 10:52:45 AM,05/29/2005 11:02:31 AM,,,Medical Examiner,05/29/2005 11:58:39 AM,500 Block of COLUMBUS AVE,SF,94133,B01,28,1334,E,2,2,true,,1,RESCUE CAPTAIN,4,1,3,Chinatown,"(37.7998612792845, -122.409655977667)",051490136-RC3
020550099,E37,02016498,Medical Incident,02/24/2002,02/23/2002,02/24/2002 07:51:18 AM,02/24/2002 07:53:46 AM,02/24/2002 07:54:09 AM,02/24/2002 07:55:16 AM,02/24/2002 07:56:29 AM,,,Other,02/24/2002 08:09:08 AM,0 Block of DAKOTA ST,SF,94107,B10,37,2614,3,3,3,false,,1,ENGINE,1,10,10,Potrero Hill,"(37.7536287459484, -122.395523138586)",020550099-E37
063410208,E36,06096187,Medical Incident,12/07/2006,12/07/2006,12/07/2006 02:56:23 PM,12/07/2006 02:59:04 PM,12/07/2006 02:59:11 PM,,12/07/2006 03:00:47 PM,,,Other,12/07/2006 03:03:27 PM,MARKET ST/TURK ST,SF,94103,B03,01,2247,3,3,3,true,,1,ENGINE,2,3,6,South of Market,"(37.7832878520296, -122.408952160052)",063410208-E36
080370422,E03,08011841,Medical Incident,02/06/2008,02/06/2008,02/06/2008 11:21:52 PM,02/06/2008 11:22:48 PM,02/06/2008 11:22:56 PM,02/06/2008 11:26:16 PM,,,,Other,02/06/2008 11:28:14 PM,1000 Block of MARKET ST,SF,94103,B03,01,1454,3,3,3,false,,1,ENGINE,2,3,6,South of Market,"(37.7812876870909, -122.411318055371)",080370422-E03
171721258,72,17072585,Medical Incident,06/21/2017,06/21/2017,06/21/2017 10:37:18 AM,06/21/2017 10:37:59 AM,06/21/2017 10:38:25 AM,06/21/2017 10:39:16 AM,06/21/2017 10:43:08 AM,06/21/2017 10:53:33 AM,06/21/2017 11:24:55 AM,Code 2 Transport,06/21/2017 12:19:11 PM,1000 Block of POLK ST,San Francisco,94109,B04,03,3121,3,3,3,true,Potentially Life-Threatening,1,MEDIC,1,4,6,Tenderloin,"(37.7861172118379, -122.419854245692)",171721258-72
152650785,RC2,15101395,Traffic Collision,09/22/2015,09/22/2015,09/22/2015 08:19:02 AM,09/22/2015 08:19:02 AM,09/22/2015 08:30:27 AM,09/22/2015 08:30:27 AM,09/22/2015 08:30:27 AM,,,Code 2 Transport,09/22/2015 08:52:16 AM,100 Block of JOHN F KENNEDY DR,San Francisco,94122,B07,31,7111,3,3,3,true,Potentially Life-Threatening,1,RESCUE CAPTAIN,3,7,1,Golden Gate Park,"(37.7711332354432, -122.457507583541)",152650785-RC2
170401295,55,17017418,Medical Incident,02/09/2017,02/09/2017,02/09/2017 10:42:52 AM,02/09/2017 10:44:11 AM,02/09/2017 10:44:19 AM,02/09/2017 10:44:30 AM,02/09/2017 10:47:42 AM,02/09/2017 11:06:50 AM,02/09/2017 11:26:03 AM,Code 2 Transport,02/09/2017 12:03:58 PM,1100 Block of FILLMORE ST,San Francisco,94115,B05,05,3535,3,3,3,true,Potentially Life-Threatening,1,MEDIC,2,5,5,Western Addition,"(37.7800214949422, -122.432114423941)",170401295-55
102610345,E10,10082640,Medical Incident,09/18/2010,09/18/2010,09/18/2010 07:03:08 PM,09/18/2010 07:03:40 PM,09/18/2010 07:03:50 PM,,,,,Other,09/18/2010 07:04:46 PM,1700 Block of FULTON ST,SF,94117,B05,21,4463,3,3,3,true,,1,ENGINE,3,5,5,Lone Mountain/USF,"(37.7759633291151, -122.445636305306)",102610345-E10
123040246,AM08,12100951,Medical Incident,10/30/2012,10/30/2012,10/30/2012 05:27:06 PM,10/30/2012 05:29:05 PM,10/30/2012 05:30:24 PM,10/30/2012 05:31:09 PM,10/30/2012 05:40:00 PM,10/30/2012 05:50:52 PM,10/30/2012 06:00:28 PM,Code 2 Transport,10/30/2012 06:37:01 PM,600 Block of ELLIS ST,SF,94109,B02,03,1555,1,1,2,false,Non Life-threatening,1,PRIVATE,1,2,6,Tenderloin,"(37.7843964930924, -122.41690045985)",123040246-AM08
030320202,RC3,03009097,Medical Incident,02/01/2003,02/01/2003,02/01/2003 01:19:55 PM,02/01/2003 01:21:56 PM,02/01/2003 01:22:10 PM,,,,,Other,02/01/2003 01:39:58 PM,INDUSTRIAL ST/PALOU AV,SF,94124,B10,09,6426,3,3,3,true,,1,RESCUE CAPTAIN,3,10,10,Bayview Hunters Point,"(37.7396591222292, -122.400899015658)",030320202-RC3
060210123,M12,06005784,Medical Incident,01/21/2006,01/21/2006,01/21/2006 09:28:39 AM,01/21/2006 09:29:18 AM,01/21/2006 09:29:52 AM,01/21/2006 09:31:04 AM,01/21/2006 09:33:45 AM,01/21/2006 09:45:26 AM,01/21/2006 09:50:21 AM,Code 2 Transport,01/21/2006 10:37:59 AM,CENTRAL AV/WALLER ST,SF,94117,B05,21,4354,3,3,3,true,,1,MEDIC,2,5,5,Haight Ashbury,"(37.7694969972362, -122.443461439796)",060210123-M12
100230023,66,10006880,Traffic Collision,01/23/2010,01/22/2010,01/23/2010 01:49:12 AM,01/23/2010 01:49:12 AM,01/23/2010 01:50:22 AM,01/23/2010 01:51:03 AM,01/23/2010 01:52:40 AM,01/23/2010 02:03:36 AM,01/23/2010 02:12:47 AM,Code 2 Transport,01/23/2010 02:49:28 AM,MISSION ST/OTIS ST,SF,94103,B02,36,5125,3,3,3,true,,1,MEDIC,1,2,6,Mission,"(37.7701114489219, -122.420008323243)",100230023-66
101960163,KM04,10061906,Medical Incident,07/15/2010,07/15/2010,07/15/2010 11:50:15 AM,07/15/2010 11:51:50 AM,07/15/2010 11:52:03 AM,07/15/2010 11:52:43 AM,07/15/2010 11:55:19 AM,,,Against Medical Advice,07/15/2010 12:23:09 PM,200 Block of SILLIMAN ST,SF,94134,B10,42,6341,3,3,3,false,,1,PRIVATE,1,10,9,Portola,"(37.7305369721111, -122.407543425984)",101960163-KM04
160582190,57,16023157,Traffic Collision,02/27/2016,02/27/2016,02/27/2016 03:08:08 PM,02/27/2016 03:09:54 PM,02/27/2016 03:11:22 PM,02/27/2016 03:12:41 PM,02/27/2016 03:13:35 PM,02/27/2016 04:00:21 PM,02/27/2016 04:19:43 PM,Code 2 Transport,02/27/2016 04:52:49 PM,SPEAR ST/HARRISON ST,San Francisco,94105,B03,35,2113,2,2,2,true,Non Life-threatening,1,MEDIC,1,3,6,Financial District/South Beach,"(37.7888377778921, -122.389428941783)",160582190-57
010990213,B01,01030259,Suspicious Package,04/09/2001,04/09/2001,04/09/2001 02:11:01 PM,04/09/2001 02:11:32 PM,04/09/2001 02:12:40 PM,04/09/2001 02:13:30 PM,,,,Other,04/09/2001 02:19:55 PM,MISSION ST/THE EMBARCADERO SO,SF,94105,B03,35,0902,3,3,3,false,,1,CHIEF,3,3,3,Financial District/South Beach,"(37.7937688140807, -122.392499330703)",010990213-B01
081800257,E32,08055440,Medical Incident,06/28/2008,06/28/2008,06/28/2008 03:32:06 PM,06/28/2008 03:34:57 PM,06/28/2008 03:35:40 PM,06/28/2008 03:37:02 PM,06/28/2008 03:39:23 PM,,,Other,06/28/2008 03:57:58 PM,300 Block of SILVER AVE,SF,94112,B09,32,6114,3,3,3,true,,1,ENGINE,1,9,11,Excelsior,"(37.728489442639, -122.429995375728)",081800257-E32
001120209,E21,00033380,Electrical Hazard,04/21/2000,04/21/2000,04/21/2000 05:30:44 PM,04/21/2000 05:31:03 PM,04/21/2000 05:31:14 PM,04/21/2000 05:32:52 PM,04/21/2000 05:34:45 PM,,,Other,04/21/2000 05:37:37 PM,700 Block of PAGE ST,SF,94117,B05,06,3636,3,3,3,false,,1,ENGINE,1,5,5,Haight Ashbury,"(37.7726705470926, -122.433090198155)",001120209-E21
131040248,E43,13034976,Medical Incident,04/14/2013,04/14/2013,04/14/2013 03:20:04 PM,04/14/2013 03:20:29 PM,04/14/2013 03:20:53 PM,04/14/2013 03:21:33 PM,04/14/2013 03:24:49 PM,,,Other,04/14/2013 03:38:15 PM,MISSION ST/ONONDAGA AV,SF,94112,B09,43,6123,3,2,2,false,Non Life-threatening,1,ENGINE,1,9,11,Excelsior,"(37.7211635493758, -122.437461137723)",131040248-E43
001100151,85,00032763,Medical Incident,04/19/2000,04/19/2000,04/19/2000 02:49:07 PM,04/19/2000 02:49:18 PM,04/19/2000 02:49:43 PM,04/19/2000 02:50:34 PM,04/19/2000 02:54:55 PM,04/19/2000 03:14:56 PM,,Other,04/19/2000 04:00:56 PM,300 Block of EDDY ST,SF,94102,B02,03,1545,3,3,3,false,,1,MEDIC,2,2,6,Tenderloin,"(37.7838385180026, -122.41377551206)",001100151-85
132240235,E03,13075669,Alarms,08/12/2013,08/12/2013,08/12/2013 03:14:09 PM,08/12/2013 03:15:20 PM,08/12/2013 03:15:35 PM,08/12/2013 03:16:00 PM,08/12/2013 03:19:10 PM,,,Other,08/12/2013 03:27:56 PM,200 Block of OLIVE ST,SF,94109,B04,03,3162,3,3,3,true,Alarm,1,ENGINE,1,2,5,Western Addition,"(37.7842377243066, -122.421969152495)",132240235-E03
150660587,77,15025134,Medical Incident,03/07/2015,03/06/2015,03/07/2015 05:50:49 AM,03/07/2015 05:50:49 AM,03/07/2015 05:50:49 AM,03/07/2015 05:50:49 AM,03/07/2015 05:50:49 AM,03/07/2015 05:55:50 AM,03/07/2015 06:17:21 AM,Code 2 Transport,03/07/2015 07:06:31 AM,OFARRELL ST/LARKIN ST,San Francisco,94109,B04,03,1642,2,2,2,true,Non Life-threatening,1,MEDIC,1,2,6,Tenderloin,"(37.7851672146987, -122.41790141136)",150660587-77
130260234,E06,13009018,Medical Incident,01/26/2013,01/26/2013,01/26/2013 03:22:28 PM,01/26/2013 03:25:51 PM,01/26/2013 03:26:23 PM,01/26/2013 03:27:21 PM,01/26/2013 03:33:44 PM,,,Other,01/26/2013 03:43:47 PM,100 Block of OAK ST,SF,94102,B02,36,3266,2,2,2,true,Non Life-threatening,1,ENGINE,1,2,5,Hayes Valley,"(37.7750744315139, -122.421768034105)",130260234-E06
